{
    "name": "asterisk",
    "roles": [
        "asterisk"
    ],
    "lookups": [
        "keywords"
    ],
    "keywords": [
        {
            "keyword": "asteris",
            "synonyms": [
                "asteris"
            ]
        },
        {
            "keyword": "asterisc",
            "synonyms": [
                "asterisc"
            ]
        },
        {
            "keyword": "asterisco",
            "synonyms": [
                "asterisco"
            ]
        },
        {
            "keyword": "asterisk",
            "synonyms": [
                "asterisk"
            ]
        },
        {
            "keyword": "telefon\u00eda",
            "synonyms": [
                "telefon\u00eda"
            ]
        },
        {
            "keyword": "voz ip",
            "synonyms": [
                "voz ip"
            ]
        }
    ]
}
