{
    "name": "linux",
    "roles": [
        "linux"
    ],
    "lookups": [
        "keywords"
    ],
    "keywords": [
        {
            "keyword": "linu",
            "synonyms": [
                "linu"
            ]
        },
        {
            "keyword": "linus",
            "synonyms": [
                "linus"
            ]
        },
        {
            "keyword": "linux",
            "synonyms": [
                "linux"
            ]
        },
        {
            "keyword": "linuz",
            "synonyms": [
                "linuz"
            ]
        }
    ]
}
