{
    "name": "no_es",
    "roles": [
        "no_es"
    ],
    "lookups": [
        "keywords"
    ],
    "keywords": [
        {
            "keyword": "estas equivocado",
            "synonyms": [
                "estas equivocado"
            ]
        },
        {
            "keyword": "nada que ver",
            "synonyms": [
                "nada que ver"
            ]
        },
        {
            "keyword": "negativo",
            "synonyms": [
                "negativo"
            ]
        },
        {
            "keyword": "no",
            "synonyms": [
                "no"
            ]
        },
        {
            "keyword": "no soy",
            "synonyms": [
                "no soy"
            ]
        },
        {
            "keyword": "ya quisiera",
            "synonyms": [
                "ya quisiera"
            ]
        }
    ]
}
