{
    "name": "si",
    "roles": [
        "si"
    ],
    "lookups": [
        "keywords"
    ],
    "keywords": [
        {
            "keyword": "afirmativo",
            "synonyms": [
                "afirmativo"
            ]
        },
        {
            "keyword": "aja",
            "synonyms": [
                "aja"
            ]
        },
        {
            "keyword": "as\u00ed es",
            "synonyms": [
                "as\u00ed es"
            ]
        },
        {
            "keyword": "correcto",
            "synonyms": [
                "correcto"
            ]
        },
        {
            "keyword": "si",
            "synonyms": [
                "si"
            ]
        },
        {
            "keyword": "si soy",
            "synonyms": [
                "si soy"
            ]
        },
        {
            "keyword": "soy yo",
            "synonyms": [
                "soy yo"
            ]
        },
        {
            "keyword": "yo soy",
            "synonyms": [
                "yo soy"
            ]
        }
    ]
}
