{
    "utterances": [
        {
            "text": "asteris",
            "entities": [
                {
                    "entity": "asterisk:asterisk",
                    "start": 0,
                    "end": 7,
                    "body": "asteris",
                    "entities": []
                }
            ],
            "traits": [],
            "intent": "asterisk"
        },
        {
            "text": "asterisco",
            "entities": [
                {
                    "entity": "asterisk:asterisk",
                    "start": 0,
                    "end": 9,
                    "body": "asterisco",
                    "entities": []
                }
            ],
            "traits": [],
            "intent": "asterisk"
        },
        {
            "text": "curso de linux",
            "entities": [
                {
                    "entity": "linux:linux",
                    "start": 9,
                    "end": 14,
                    "body": "linux",
                    "entities": []
                }
            ],
            "traits": [],
            "intent": "linux"
        },
        {
            "text": "linu",
            "entities": [
                {
                    "entity": "linux:linux",
                    "start": 0,
                    "end": 4,
                    "body": "linu",
                    "entities": []
                }
            ],
            "traits": [],
            "intent": "linux"
        },
        {
            "text": "linux",
            "entities": [
                {
                    "entity": "linux:linux",
                    "start": 0,
                    "end": 5,
                    "body": "linux",
                    "entities": []
                }
            ],
            "traits": [],
            "intent": "linux"
        },
        {
            "text": "no",
            "entities": [
                {
                    "entity": "no_es:no_es",
                    "start": 0,
                    "end": 2,
                    "body": "no",
                    "entities": []
                }
            ],
            "traits": [],
            "intent": "no_es"
        },
        {
            "text": "no soy",
            "entities": [
                {
                    "entity": "no_es:no_es",
                    "start": 0,
                    "end": 6,
                    "body": "no soy",
                    "entities": []
                }
            ],
            "traits": [],
            "intent": "no_es"
        },
        {
            "text": "prefiero ast\u00e9rix",
            "entities": [],
            "traits": [],
            "intent": "asterisk"
        },
        {
            "text": "quiero asterisk",
            "entities": [
                {
                    "entity": "asterisk:asterisk",
                    "start": 7,
                    "end": 15,
                    "body": "asterisk",
                    "entities": []
                }
            ],
            "traits": [],
            "intent": "asterisk"
        },
        {
            "text": "quiero linu",
            "entities": [
                {
                    "entity": "linux:linux",
                    "start": 7,
                    "end": 11,
                    "body": "linu",
                    "entities": []
                }
            ],
            "traits": [],
            "intent": "linux"
        },
        {
            "text": "si",
            "entities": [
                {
                    "entity": "si:si",
                    "start": 0,
                    "end": 2,
                    "body": "si",
                    "entities": []
                }
            ],
            "traits": [],
            "intent": "si_es"
        },
        {
            "text": "si es correcto",
            "entities": [
                {
                    "entity": "si:si",
                    "start": 0,
                    "end": 2,
                    "body": "si",
                    "entities": []
                },
                {
                    "entity": "si:si",
                    "start": 6,
                    "end": 14,
                    "body": "correcto",
                    "entities": []
                }
            ],
            "traits": [],
            "intent": "si_es"
        },
        {
            "text": "si soy",
            "entities": [
                {
                    "entity": "si:si",
                    "start": 0,
                    "end": 6,
                    "body": "si soy",
                    "entities": []
                }
            ],
            "traits": [],
            "intent": "si_es"
        },
        {
            "text": "si soy yo",
            "entities": [
                {
                    "entity": "si:si",
                    "start": 0,
                    "end": 6,
                    "body": "si soy",
                    "entities": []
                }
            ],
            "traits": [],
            "intent": "si_es"
        },
        {
            "text": "soy yo",
            "entities": [
                {
                    "entity": "si:si",
                    "start": 0,
                    "end": 6,
                    "body": "soy yo",
                    "entities": []
                }
            ],
            "traits": [],
            "intent": "si_es"
        },
        {
            "text": "voz ip",
            "entities": [
                {
                    "entity": "asterisk:asterisk",
                    "start": 0,
                    "end": 6,
                    "body": "voz ip",
                    "entities": []
                }
            ],
            "traits": [],
            "intent": "asterisk"
        }
    ]
}
